{"cameraMode":{"drawMode":0,"name":"Shaded","section":"Shading Mode"},"sceneLighting":false,"audioPlay":false,"sceneViewState":{"showFog":true,"showMaterialUpdate":false,"showSkybox":false,"showFlares":true,"showImageEffects":true,"showParticleSystems":true},"in2DMode":false,"pivot":{"x":2.41731595993042,"y":-1.1728706359863282,"z":-1.0786924362182618},"rotation":{"x":-0.19438743591308595,"y":0.6749863624572754,"z":-0.19142864644527436,"w":-0.685606837272644},"size":3.3000171184539797,"orthographic":false}