{"cameraMode":{"drawMode":0,"name":"Shaded","section":"Shading Mode"},"sceneLighting":true,"audioPlay":false,"sceneViewState":{"showFog":true,"showMaterialUpdate":false,"showSkybox":true,"showFlares":true,"showImageEffects":true,"showParticleSystems":true},"in2DMode":false,"pivot":{"x":1.3151886463165284,"y":2.345546245574951,"z":3.314291477203369},"rotation":{"x":0.5621976852416992,"y":0.02478885091841221,"z":-0.016872942447662355,"w":0.82652348279953},"size":4.467262268066406,"orthographic":false}