{"cameraMode":{"drawMode":0,"name":"Shaded","section":"Shading Mode"},"sceneLighting":false,"audioPlay":false,"sceneViewState":{"showFog":true,"showMaterialUpdate":false,"showSkybox":false,"showFlares":true,"showImageEffects":true,"showParticleSystems":true},"in2DMode":false,"pivot":{"x":6.409999847412109,"y":2.069000005722046,"z":-0.492000013589859},"rotation":{"x":-0.08787348121404648,"y":-0.9096468687057495,"z":0.24970941245555879,"w":-0.32014963030815127},"size":0.6800100207328796,"orthographic":false}