{"cameraMode":{"drawMode":0,"name":"Shaded","section":"Shading Mode"},"sceneLighting":true,"audioPlay":false,"sceneViewState":{"showFog":true,"showMaterialUpdate":false,"showSkybox":true,"showFlares":true,"showImageEffects":true,"showParticleSystems":true},"in2DMode":false,"pivot":{"x":6.031271934509277,"y":6.077221870422363,"z":-10.071233749389649},"rotation":{"x":-0.277264803647995,"y":0.45834505558013918,"z":-0.15298643708229066,"w":-0.830478310585022},"size":1.9431461095809937,"orthographic":false}