{"cameraMode":{"drawMode":0,"name":"Shaded","section":"Shading Mode"},"sceneLighting":false,"audioPlay":false,"sceneViewState":{"showFog":true,"showMaterialUpdate":false,"showSkybox":false,"showFlares":true,"showImageEffects":true,"showParticleSystems":true},"in2DMode":false,"pivot":{"x":-2.1796369552612306,"y":-0.27196311950683596,"z":9.34914493560791},"rotation":{"x":-0.08787348121404648,"y":-0.9096468687057495,"z":0.24970941245555879,"w":-0.32014963030815127},"size":10.450343132019043,"orthographic":false}