{"cameraMode":{"drawMode":0,"name":"Shaded","section":"Shading Mode"},"sceneLighting":false,"audioPlay":false,"sceneViewState":{"showFog":true,"showMaterialUpdate":false,"showSkybox":false,"showFlares":true,"showImageEffects":true,"showParticleSystems":true},"in2DMode":false,"pivot":{"x":-0.05263042822480202,"y":2.5139384269714357,"z":4.39394474029541},"rotation":{"x":0.21553532779216767,"y":0.6631509065628052,"z":-0.20842619240283967,"w":0.6858234405517578},"size":5.062562942504883,"orthographic":false}